N,clients,icmp,ss_lines,secs,dash_n,dash_p50_ms,dash_p95_ms,dash_p99_ms,fleet_n,fleet_p50_ms,fleet_p95_ms,fleet_p99_ms,peers_n,peers_p50_ms,peers_p95_ms,peers_p99_ms,livepeers_runs,livepeers_avg_ms,livepeers_max_ms,fleet_tick_avg_ms,fleet_tick_max_ms,ip_per_min,systemctl_per_min,ss_tin_per_min,ss_tun_per_min,ping_per_min,goroutines_base,goroutines_peak,goroutines_after,heap_base_mb,heap_peak_mb,fd_base,fd_peak,fd_after,completed_reqs,inflight_at_end,oldest_inflight_ms
1,1,ok,20000,8.0,104,15.6,31.3,48.5,115,0.2,0.4,1.0,106,14.4,38.2,45.1,264,17.3,136.5,18.7,136.6,9450.0,4725.0,1980.0,802.5,4725.0,2,19,2,3.7,27.9,6,14,6,323,2,19.7
1,1,dropped,20000,8.0,0,0.0,0.0,0.0,155,0.3,0.5,1.0,3,2015.2,2019.6,2019.6,6,2016.9,2019.4,4019.4,4019.4,180.0,90.0,52.5,0.0,90.0,2,20,2,3.8,19.5,6,13,6,158,2,8000.6
1,3,ok,20000,8.0,205,17.1,58.9,89.5,225,0.2,0.4,0.5,212,14.5,52.0,82.6,471,20.5,91.3,22.6,89.3,17130.0,8565.0,3540.0,1560.0,8557.5,2,44,2,3.8,27.5,6,26,6,642,4,16.5
1,3,dropped,20000,8.0,0,0.0,0.0,0.0,463,0.3,0.4,0.5,9,2015.4,2062.6,2062.6,14,2018.8,2062.4,4020.3,4020.3,420.0,210.0,127.5,0.0,210.0,2,48,2,3.8,16.5,6,25,6,472,6,8001.2
1,10,ok,20000,8.0,214,19.6,210.0,276.7,253,0.3,0.5,0.6,234,13.1,156.6,227.1,502,52.9,294.9,87.6,263.8,18060.0,9030.0,3787.5,1635.0,9007.5,2,138,2,3.8,66.2,6,77,6,693,25,342.4
1,10,dropped,20000,8.0,0,0.0,0.0,0.0,1443,0.2,0.4,0.6,30,2021.1,2128.6,2159.5,42,2038.4,2159.5,4014.7,4014.7,1260.0,630.0,390.0,0.0,630.0,2,137,2,3.9,51.0,6,67,6,1473,20,8001.0
3,1,ok,20000,8.0,53,65.1,97.1,105.1,80,0.4,0.7,0.8,54,67.9,97.0,110.1,161,63.9,124.4,57.6,124.0,10515.0,5257.5,3652.5,420.0,5242.5,2,19,2,7.4,42.6,6,14,6,186,3,52.3
3,1,dropped,20000,12.0,0,0.0,0.0,0.0,225,0.5,3.0,11.6,1,6217.7,6217.7,6217.7,3,6200.9,6234.8,8235.7,8235.7,180.0,90.0,70.0,0.0,90.0,2,20,2,7.4,31.5,6,13,6,226,2,12000.6
3,3,ok,20000,8.0,68,156.8,238.1,268.7,118,0.5,0.7,0.7,70,152.8,251.1,274.1,187,149.5,286.7,150.7,268.0,12435.0,6217.5,4305.0,532.5,6187.5,2,48,2,7.4,71.8,6,28,6,254,9,282.6
3,3,dropped,20000,12.0,0,0.0,0.0,0.0,678,0.4,0.6,0.7,3,6190.8,6202.7,6202.7,7,6163.2,6202.6,8146.4,8146.4,420.0,210.0,160.0,0.0,210.0,2,48,2,7.4,52.3,6,25,6,681,6,12000.8
3,10,ok,20000,8.0,79,441.2,651.4,797.4,146,0.5,0.7,0.9,80,413.5,738.9,766.6,176,439.3,891.1,472.7,750.4,12165.0,6082.5,4140.0,615.0,6007.5,2,153,2,7.4,160.7,6,88,6,294,25,788.3
3,10,dropped,20000,12.0,0,0.0,0.0,0.0,2083,0.4,0.7,1.6,10,6192.7,6445.8,6445.8,21,6244.7,6508.6,8509.7,8509.7,1260.0,630.0,475.0,5.0,630.0,2,145,2,7.4,70.6,6,67,6,2091,24,12000.0
6,1,ok,20000,8.0,24,203.5,258.2,518.1,54,0.6,1.3,1.4,24,205.3,266.0,546.9,94,193.4,546.8,171.9,349.4,10290.0,5145.0,4260.0,202.5,5137.5,2,19,2,10.9,49.8,6,13,6,101,1,41.7
6,1,dropped,20000,18.0,0,0.0,0.0,0.0,344,0.6,2.3,8.6,1,12189.7,12189.7,12189.7,3,12188.8,12218.6,14158.5,14158.5,180.0,90.0,76.7,0.0,90.0,2,20,2,10.9,46.5,6,13,6,345,2,18000.4
6,3,ok,20000,8.0,38,404.8,528.0,590.0,89,0.6,0.9,0.9,39,389.9,525.9,651.5,97,395.1,651.3,392.0,552.9,10905.0,5452.5,4440.0,300.0,5437.5,2,52,2,10.9,84.8,6,29,6,164,9,615.2
6,3,dropped,20000,18.0,0,0.0,0.0,0.0,1014,0.5,0.9,1.2,3,12181.9,12182.7,12182.7,7,12125.1,12182.6,14088.9,14088.9,420.0,210.0,176.7,0.0,210.0,2,48,2,10.9,43.5,6,25,6,1017,6,17999.7
6,10,ok,20000,8.0,38,1284.9,1791.1,1935.1,116,0.7,1.0,1.4,41,1285.3,1574.9,1642.2,85,1231.7,1932.3,1154.6,1320.3,10612.5,5302.5,4327.5,307.5,5160.0,2,157,2,10.9,185.4,6,81,6,188,29,1625.3
6,10,dropped,20000,18.0,0,0.0,0.0,0.0,2827,0.5,1.1,5.2,10,13604.7,13808.1,13808.1,21,13451.9,13807.9,15149.3,15149.3,1260.0,630.0,526.7,0.0,630.0,2,148,2,10.9,154.4,6,69,6,2837,20,18000.8
10,1,ok,20000,8.0,17,351.6,379.2,406.8,51,0.7,1.2,1.6,17,361.1,404.5,425.9,59,329.9,425.7,311.0,426.5,10185.0,5092.5,4515.0,150.0,5070.0,2,19,2,14.4,62.8,6,14,6,85,2,103.1
10,1,dropped,20000,20.0,0,0.0,0.0,0.0,386,0.7,1.1,1.4,0,0.0,0.0,0.0,0,0.0,0.0,0.0,0.0,180.0,90.0,87.0,0.0,90.0,2,20,2,14.4,35.9,6,13,6,386,2,20000.7
10,3,ok,20000,8.0,24,770.3,946.7,1003.9,80,0.8,1.3,1.6,24,719.3,910.8,1003.5,59,748.8,1003.3,728.9,911.8,10290.0,5145.0,4515.0,195.0,5115.0,2,50,2,14.4,95.7,6,27,6,124,9,951.1
10,3,dropped,20000,20.0,0,0.0,0.0,0.0,1075,0.7,1.2,2.3,0,0.0,0.0,0.0,0,0.0,0.0,0.0,0.0,420.0,210.0,201.0,0.0,210.0,2,48,2,14.5,59.7,6,25,6,1075,6,20000.7
10,10,ok,20000,8.0,21,2460.2,2958.6,2995.0,89,0.9,1.8,1.9,20,2481.1,2931.6,2944.9,44,2439.3,2992.4,2218.0,2558.4,9900.0,4950.0,4387.5,180.0,4800.0,2,163,2,14.5,213.2,6,80,6,128,30,3110.7
10,10,dropped,20000,20.0,0,0.0,0.0,0.0,3429,0.7,1.1,1.5,0,0.0,0.0,0.0,0,0.0,0.0,0.0,0.0,1260.0,630.0,600.0,3.0,630.0,2,147,2,14.5,119.8,6,67,6,3429,20,20001.2
20,1,ok,20000,8.0,9,737.4,933.7,933.7,47,0.9,1.9,2.3,9,778.1,850.1,850.1,29,743.3,931.0,701.7,849.5,9495.0,4747.5,4455.0,90.0,4732.5,2,19,2,17.9,75.1,6,14,6,65,3,152.6
20,1,dropped,20000,20.0,0,0.0,0.0,0.0,377,1.0,3.0,16.4,0,0.0,0.0,0.0,0,0.0,0.0,0.0,0.0,180.0,90.0,87.0,0.0,90.0,2,20,2,18.0,42.6,6,13,6,377,2,20000.5
20,3,ok,20000,8.0,12,1687.1,1965.3,2087.1,74,1.0,1.6,2.1,12,1677.8,1936.9,1971.3,28,1704.6,2084.6,1603.8,1912.6,9660.0,4830.0,4507.5,112.5,4777.5,2,47,2,18.0,103.4,6,26,6,96,8,325.3
20,3,dropped,20000,20.0,0,0.0,0.0,0.0,1118,0.9,1.3,1.6,0,0.0,0.0,0.0,0,0.0,0.0,0.0,0.0,420.0,210.0,201.0,3.0,210.0,2,48,2,18.0,52.3,6,25,6,1118,6,20000.6
20,10,ok,20000,8.0,10,5423.6,5693.8,5693.8,84,1.1,2.1,2.6,10,5436.0,5892.7,5892.7,22,5270.9,5892.5,4078.8,4122.1,10110.0,5055.0,4740.0,90.0,4897.5,2,160,2,18.0,213.9,6,82,6,99,30,2922.1
20,10,dropped,20000,20.0,0,0.0,0.0,0.0,3147,0.9,1.6,2.0,0,0.0,0.0,0.0,0,0.0,0.0,0.0,0.0,1260.0,630.0,600.0,3.0,630.0,2,152,2,18.0,110.6,6,71,6,3147,20,20001.0
6,3,ok,0,8.0,447,0.8,1.1,1.6,450,0.7,1.0,1.5,448,0.5,0.7,0.9,949,0.4,1.2,0.5,1.0,106335.0,53167.5,42705.0,3375.0,53167.5,2,36,2,18.0,35.2,6,21,6,1345,0,0.0
6,3,dropped,0,18.0,0,0.0,0.0,0.0,1021,0.7,1.2,1.7,3,12004.1,12004.9,12004.9,7,12004.0,12004.9,14005.5,14005.5,420.0,210.0,176.7,0.0,210.0,2,48,2,18.0,35.6,6,25,6,1024,6,18000.5
